OBJECTID,NAME,CLASS,POP,INCORPDATE,ANCSA,Labels,Locator,Community_,GlobalID,created_us,created_da,last_edite,last_edi_1,Story_Map_
"1",Diomede,Second Class City,"174","1970",Y,Diomede,G-4,"Diomede, G-4",461eaf30-c9f2-47e5-b653-11ce937e694b,gplumley,2018-04-25T17:36:08.220Z,gplumley,2018-04-25T17:36:08.220Z,
"2",Belkofski,Unincorporated,"0","0",Y,Belkofski*,J-9,"Belkofski*, J-9",c92a5bbd-cc6b-4897-8e5f-0ce991d96199,gplumley,2018-04-25T17:36:08.220Z,gplumley,2018-04-25T17:36:08.220Z,
"3",Dot Lake,Unincorporated,"80","0",Y,Dot Lake,S-5,"Dot Lake, S-5",f191bdf0-6740-4c13-93cd-0133b6bad0c7,gplumley,2018-04-25T17:36:08.220Z,gplumley,2018-04-25T17:36:08.220Z,
"4",Paxson,Unincorporated,"34","0",N,Paxson,S-5,"Paxson, S-5",db0b4523-b55f-41ad-b0a4-1118f058c54c,gplumley,2018-04-25T17:36:08.220Z,gplumley,2018-04-25T17:36:08.220Z,
"5",King Island,Unincorporated,"0","0",Y,King Island*,G-4,"King Island*, G-4",21d43967-00b1-4ab6-ae8d-eef745fcf43f,gplumley,2018-04-25T17:36:08.220Z,gplumley,2018-04-25T17:36:08.220Z,
"6",Haines,Unincorporated,"1429","1910",N,Haines,X-7,"Haines, X-7",1c5932cc-bedc-46a3-b7c8-1c6a8b5f02f4,gplumley,2018-04-25T17:36:08.220Z,gplumley,2018-04-25T17:36:08.220Z,
"7",Metlakatla,Organized Under Federal Law,"1528","1944",N,Metlakatla,Z-9,"Metlakatla, Z-9",950e09b1-4b2b-41d3-bdc8-5ba4f0222911,gplumley,2018-04-25T17:36:08.220Z,gplumley,2018-04-25T17:36:08.220Z,
"8",Central,Unincorporated,"57","0",N,Central,S-4,"Central, S-4",9abe38fe-eb0b-4403-8109-7461d076d310,gplumley,2018-04-25T17:36:08.220Z,gplumley,2018-04-25T17:36:08.220Z,
"9",Venetie,Unincorporated,"241","0",Y,Venetie,R-3,"Venetie, R-3",b0a8c1e3-bf91-41fc-b835-d413f7f4ddd9,gplumley,2018-04-25T17:36:08.220Z,gplumley,2018-04-25T17:36:08.220Z,
"10",Kivalina,Second Class City,"357","1969",Y,Kivalina,I-3,"Kivalina, I-3",8c763553-4f54-4484-9a01-05919a071a32,gplumley,2018-04-25T17:36:08.220Z,gplumley,2018-04-25T17:36:08.220Z,
"11",Deering,Second Class City,"158","1970",Y,Deering,J-3,"Deering, J-3",bb2e795b-2c02-496d-86a3-1a18dfa62085,gplumley,2018-04-25T17:36:08.220Z,gplumley,2018-04-25T17:36:08.220Z,
"12",Unalaska,First Class City,"4251","1942",Y,Unalaska,H-10,"Unalaska, H-10",ec223bea-47e0-4b28-a4f2-ed7b44def259,gplumley,2018-04-25T17:36:08.220Z,gplumley,2018-04-25T17:36:08.220Z,
"13",Russian Mission,Second Class City,"295","1970",Y,Russian Mission,K-6,"Russian Mission, K-6",02fbed46-3288-46bc-89a8-f77921b73970,gplumley,2018-04-25T17:36:08.220Z,gplumley,2018-04-25T17:36:08.220Z,
"14",Ouzinkie,Second Class City,"246","1967",Y,Ouzinkie,O-8,"Ouzinkie, O-8",7ffa84e4-0851-4b39-ab56-ed2add361a7b,gplumley,2018-04-25T17:36:08.220Z,gplumley,2018-04-25T17:36:08.220Z,
"15",Chefornak,Second Class City,"405","1974",Y,Chefornak,I-6,"Chefornak, I-6",24bef3cb-8899-4f1d-9350-09045b445473,gplumley,2018-04-25T17:36:08.220Z,gplumley,2018-04-25T17:36:08.220Z,
"16",Grayling,Second Class City,"186","1969",Y,Grayling,K-5,"Grayling, K-5",77e2f4e2-ff86-4afd-b320-199594a0327f,gplumley,2018-04-25T17:36:08.220Z,gplumley,2018-04-25T17:36:08.220Z,
"17",Mountain Village,Second Class City,"738","1967",Y,Mountain Village,J-5,"Mountain Village, J-5",aab80e9b-f426-4b2d-8494-be2cf768f2c8,gplumley,2018-04-25T17:36:08.220Z,gplumley,2018-04-25T17:36:08.220Z,
"18",Manokotak,Second Class City,"387","1970",Y,Manokotak,L-7,"Manokotak, L-7",7bb3afad-8b91-4efe-8226-d47e6c6c053a,gplumley,2018-04-25T17:36:08.220Z,gplumley,2018-04-25T17:36:08.220Z,
"19",Port Heiden,Second Class City,"116","1972",Y,Port Heiden,L-8,"Port Heiden, L-8",d3297936-2a35-414b-826e-f92af75f5a22,gplumley,2018-04-25T17:36:08.220Z,gplumley,2018-04-25T17:36:08.220Z,
"20",Savoonga,Second Class City,"622","1969",Y,Savoonga,F-5,"Savoonga, F-5",5eec5679-d3fd-4a5a-b113-e24b3c311c63,gplumley,2018-04-25T17:36:08.220Z,gplumley,2018-04-25T17:36:08.220Z,
"21",Shaktoolik,Second Class City,"226","1969",Y,Shaktoolik,K-4,"Shaktoolik, K-4",7ee9dc8c-31f5-40d1-a05b-1f4a6381cce4,gplumley,2018-04-25T17:36:08.220Z,gplumley,2018-04-25T17:36:08.220Z,
"22",False Pass,Second Class City,"64","1990",Y,False Pass,J-9,"False Pass, J-9",620f7656-190c-493b-ac3b-3b24aa8c190d,gplumley,2018-04-25T17:36:08.220Z,gplumley,2018-04-25T17:36:08.220Z,
"23",King Cove,First Class City,"691","1947",Y,King Cove,J-9,"King Cove, J-9",9c50675b-201b-4c54-a5f4-0ad86678eee1,gplumley,2018-04-25T17:36:08.220Z,gplumley,2018-04-25T17:36:08.220Z,
"24",Akutan,Second Class City,"420","1979",Y,Akutan,I-9,"Akutan, I-9",b3798e5f-5697-4966-a1ba-282caaac8e46,gplumley,2018-04-25T17:36:08.220Z,gplumley,2018-04-25T17:36:08.220Z,
"25",Saint George,Second Class City,"153","1983",Y,Saint George,G-8,"Saint George, G-8",d202a446-47cd-4da4-8e83-ab2999cb6882,gplumley,2018-04-25T17:36:08.220Z,gplumley,2018-04-25T17:36:08.220Z,
"26",Saint Paul,Second Class City,"764","1971",Y,Saint Paul,F-8,"Saint Paul, F-8",2c312769-3326-4d64-a98f-caa8e73eca32,gplumley,2018-04-25T17:36:08.220Z,gplumley,2018-04-25T17:36:08.220Z,
"27",Atka,Second Class City,"111","1988",Y,Atka,D-10,"Atka, D-10",928e179d-94a3-4983-badb-ba80eadec12d,gplumley,2018-04-25T17:36:08.220Z,gplumley,2018-04-25T17:36:08.220Z,
"28",Chuathbaluk,Second Class City,"115","1975",Y,Chuathbaluk,L-6,"Chuathbaluk, L-6",4b1064e9-e06e-4f13-a075-452e1c902bfd,gplumley,2018-04-25T17:36:08.220Z,gplumley,2018-04-25T17:36:08.220Z,
"29",Coffman Cove,Second Class City,"246","1989",N,Coffman Cove,Y-9,"Coffman Cove, Y-9",dd11f235-dd43-45a7-97b9-e2d0b3d16431,gplumley,2018-04-25T17:36:08.220Z,gplumley,2018-04-25T17:36:08.220Z,
"30",Thorne Bay,Second Class City,"625","1982",N,Thorne Bay,Y-9,"Thorne Bay, Y-9",aa74ccb3-425e-4106-bf7a-1095f503d5ba,gplumley,2018-04-25T17:36:08.220Z,gplumley,2018-04-25T17:36:08.220Z,
"31",Anchorage,Unincorporated,"254849","1975",N,Anchorage,Q-6,"Anchorage, Q-6",de405c4d-15d2-4431-98c2-6d24a66bfca4,gplumley,2018-04-25T17:36:08.220Z,gplumley,2018-04-25T17:36:08.220Z,
"32",Kachemak,Second Class City,"398","1961",N,Kachemak,P-7,"Kachemak, P-7",d44a70d5-1259-4cda-ad7b-5cf61d0669f0,gplumley,2018-04-25T17:36:08.220Z,gplumley,2018-04-25T17:36:08.220Z,
"33",Ivanof Bay,Unincorporated,"27","0",Y,Ivanof Bay,L-9,"Ivanof Bay, L-9",cfc642a4-9558-4b01-94b4-05fe2d75fccf,gplumley,2018-04-25T17:36:08.220Z,gplumley,2018-04-25T17:36:08.220Z,
"34",Perryville,Unincorporated,"107","0",Y,Perryville,L-9,"Perryville, L-9",f29d68e0-a216-45de-a758-a3eb924540a5,gplumley,2018-04-25T17:36:08.220Z,gplumley,2018-04-25T17:36:08.220Z,
"35",Northway Junction,Unincorporated,"114","0",N,Northway Junction,U-5,"Northway Junction, U-5",b2d4dae2-6830-4669-9ca9-d515d080d9a9,gplumley,2018-04-25T17:36:08.220Z,gplumley,2018-04-25T17:36:08.220Z,
"36",Tetlin,Unincorporated,"68","0",Y,Tetlin,T-5,"Tetlin, T-5",bef00380-eb9f-40e9-9560-d3b0099a0844,gplumley,2018-04-25T17:36:08.220Z,gplumley,2018-04-25T17:36:08.220Z,
"37",Georgetown,Unincorporated,"0","0",Y,Georgetown,M-6,"Georgetown, M-6",6d665778-7e09-4db2-b5e6-b133400f7359,gplumley,2018-04-25T17:36:08.220Z,gplumley,2018-04-25T17:36:08.220Z,
"38",Attu,Unincorporated,"26","0",N,Attu,AA-10,"Attu, AA-10",07d42b0d-29a1-4705-9b8d-894dbe669fcb,gplumley,2018-04-25T17:36:08.220Z,gplumley,2018-04-25T17:36:08.220Z,
"39",Tuntutuliak,Unincorporated,"351","0",Y,Tuntutuliak,J-6,"Tuntutuliak, J-6",7646964e-a42d-4a61-899f-2788758176d6,gplumley,2018-04-25T17:36:08.220Z,gplumley,2018-04-25T17:36:08.220Z,
"40",Chignik Lagoon,Unincorporated,"74","0",Y,Chignik Lagoon,L-8,"Chignik Lagoon, L-8",533c65ea-a82d-4dbf-81e4-10a53f59e2c2,gplumley,2018-04-25T17:36:08.220Z,gplumley,2018-04-25T17:36:08.220Z,
"41",Chignik Lake,Unincorporated,"127","0",Y,Chignik Lake,L-8,"Chignik Lake, L-8",20d6b220-5763-4509-9c8a-a7b0af381474,gplumley,2018-04-25T17:36:08.220Z,gplumley,2018-04-25T17:36:08.220Z,
"42",Hollis,Unincorporated,"175","0",N,Hollis,Y-9,"Hollis, Y-9",1b1be5db-562a-435e-be04-570c64df1fd5,gplumley,2018-04-25T17:36:08.220Z,gplumley,2018-04-25T17:36:08.220Z,
"43",Boundary,Unincorporated,"0","0",N,Boundary,U-4,"Boundary, U-4",8ac6f8a3-5a52-452d-b84b-ab5762a811e3,gplumley,2018-04-25T17:36:08.220Z,gplumley,2018-04-25T17:36:08.220Z,
"44",Pauloff Harbor,Unincorporated,"0","0",Y,Pauloff Harbor*,J-9,"Pauloff Harbor*, J-9",e62c9edc-1efc-4638-8c37-2a3783461694,gplumley,2018-04-25T17:36:08.220Z,gplumley,2018-04-25T17:36:08.220Z,
"45",Birch Creek,Unincorporated,"37","0",Y,Birch Creek,S-3,"Birch Creek, S-3",6b89e995-39ad-41c0-a3b8-ce48a171ce4d,gplumley,2018-04-25T17:36:08.220Z,gplumley,2018-04-25T17:36:08.220Z,
"46",McKinley Park,Unincorporated,"196","0",N,McKinley Park,Q-5,"McKinley Park, Q-5",0821bfcf-64ae-49bc-9797-b011b06c2b8c,gplumley,2018-04-25T17:36:08.220Z,gplumley,2018-04-25T17:36:08.220Z,
"47",Paimiut,Unincorporated,"0","0",Y,Paimiut*,I-6,"Paimiut*, I-6",47d0b551-b322-4af1-9144-713ca9a51230,gplumley,2018-04-25T17:36:08.220Z,gplumley,2018-04-25T17:36:08.220Z,
"48",Kokhanok,Unincorporated,"168","0",Y,Kokhanok,N-7,"Kokhanok, N-7",6e0f01f2-d9fa-4b09-823d-4738ecc31615,gplumley,2018-04-25T17:36:08.220Z,gplumley,2018-04-25T17:36:08.220Z,
"49",Pedro Bay,Unincorporated,"37","0",Y,Pedro Bay,N-7,"Pedro Bay, N-7",594400dc-feff-48fe-a6b8-aff9aa42503a,gplumley,2018-04-25T17:36:08.220Z,gplumley,2018-04-25T17:36:08.220Z,
"50",Kaguyak,Unincorporated,"0","0",Y,Kaguyak*,O-8,"Kaguyak*, O-8",5cfe61c1-4e35-4efa-8cc8-5734784044bc,gplumley,2018-04-25T17:36:08.220Z,gplumley,2018-04-25T17:36:08.220Z,
"51",Ayakulik,Unincorporated,"0","0",Y,Ayakulik*,N-8,"Ayakulik*, N-8",55d3fca6-e688-4131-8567-39aa5a43d030,gplumley,2018-04-25T17:36:08.220Z,gplumley,2018-04-25T17:36:08.220Z,
"52",Uganik,Unincorporated,"0","0",Y,Uganik*,O-8,"Uganik*, O-8",78a45b47-c7c9-4567-9bc1-52079e5b57cb,gplumley,2018-04-25T17:36:08.220Z,gplumley,2018-04-25T17:36:08.220Z,
"53",Kongiganak,Unincorporated,"349","0",Y,Kongiganak,J-7,"Kongiganak, J-7",975dffa9-f320-4f87-b409-1cd5bbe31930,gplumley,2018-04-25T17:36:08.220Z,gplumley,2018-04-25T17:36:08.220Z,
"54",Minto,Unincorporated,"244","0",Y,Minto,Q-4,"Minto, Q-4",37115831-a1ff-46f5-b517-88625374f6e0,gplumley,2018-04-25T17:36:08.220Z,gplumley,2018-04-25T17:36:08.220Z,
"55",Healy Lake,Unincorporated,"60","0",Y,Healy Lake,S-5,"Healy Lake, S-5",faeb8e0f-2a1d-4382-8033-e25fae90df9d,gplumley,2018-04-25T17:36:08.220Z,gplumley,2018-04-25T17:36:08.220Z,
"56",Slana,Unincorporated,"58","0",N,Slana,T-5,"Slana, T-5",5c439082-2651-42b5-bae0-e9328a0e4bf8,gplumley,2018-04-25T17:36:08.220Z,gplumley,2018-04-25T17:36:08.220Z,
"57",Mentasta Lake,Unincorporated,"122","0",Y,Mentasta Lake,T-5,"Mentasta Lake, T-5",4f17dda6-d3d8-4a4b-a8a1-1425f69276e0,gplumley,2018-04-25T17:36:08.220Z,gplumley,2018-04-25T17:36:08.220Z,
"58",Portage Creek,Unincorporated,"14","0",Y,Portage Creek,M-7,"Portage Creek, M-7",188773ea-4813-4288-a9b7-3f64c4fcc0ca,gplumley,2018-04-25T17:36:08.220Z,gplumley,2018-04-25T17:36:08.220Z,
"59",Ekuk,Unincorporated,"2","0",Y,Ekuk,L-7,"Ekuk, L-7",88eb7493-2d64-408b-a8b7-2b10d3aec17c,gplumley,2018-04-25T17:36:08.220Z,gplumley,2018-04-25T17:36:08.220Z,
"60",Port Protection,Unincorporated,"58","0",N,Port Protection,Y-8,"Port Protection, Y-8",7bb3b60b-3a66-4766-8d0d-eb9c995198cd,gplumley,2018-04-25T17:36:08.220Z,gplumley,2018-04-25T17:36:08.220Z,
"61",Nanwalek,Unincorporated,"177","0",Y,Nanwalek,P-7,"Nanwalek, P-7",d4ad3868-a857-4467-b106-90e67acb5178,gplumley,2018-04-25T17:36:08.220Z,gplumley,2018-04-25T17:36:08.220Z,
"62",Petersville,Unincorporated,"0","0",N,Petersville,P-5,"Petersville, P-5",98844d13-a567-49b4-aa58-ab069bfca142,gplumley,2018-04-25T17:36:08.220Z,gplumley,2018-04-25T17:36:08.220Z,
"63",Skwentna,Unincorporated,"77","0",N,Skwentna,P-6,"Skwentna, P-6",53b23296-9fd0-4b52-93c5-a8980ef4fd4f,gplumley,2018-04-25T17:36:08.220Z,gplumley,2018-04-25T17:36:08.220Z,
"64",Kenny Lake,Unincorporated,"500","0",N,Kenny Lake,S-6,"Kenny Lake, S-6",5274d984-f95c-4f03-a4b7-13fd53737366,gplumley,2018-04-25T17:36:08.220Z,gplumley,2018-04-25T17:36:08.220Z,
"66",Deadhorse,Unincorporated,"24","0",N,Deadhorse,Q-1,"Deadhorse, Q-1",a17d4f08-7972-4b54-af3e-499ee3f4b957,gplumley,2018-04-25T17:36:08.220Z,gplumley,2018-04-25T17:36:08.220Z,
"67",Chiniak,Unincorporated,"74","0",N,Chiniak,O-8,"Chiniak, O-8",5739e9f7-1b85-4f20-87d9-a8072006b055,gplumley,2018-04-25T17:36:08.220Z,gplumley,2018-04-25T17:36:08.220Z,
"68",Salamatof,Unincorporated,"1134","0",Y,Salamatof,P-6,"Salamatof, P-6",2c2d1f19-3c9a-4a77-9cdb-b71d61f3f15a,gplumley,2018-04-25T17:36:08.220Z,gplumley,2018-04-25T17:36:08.220Z,
"69",Nikiski,Unincorporated,"3023","0",N,Nikiski,P-6,"Nikiski, P-6",8284903c-a62e-4405-bd55-50d70e48beaf,gplumley,2018-04-25T17:36:08.220Z,gplumley,2018-04-25T17:36:08.220Z,
"70",Uyak,Unincorporated,"0","0",Y,Uyak*,O-8,"Uyak*, O-8",e4d28ce3-1592-4d69-a8e1-6d104f5c7fa8,gplumley,2018-04-25T17:36:08.220Z,gplumley,2018-04-25T17:36:08.220Z,
"71",Big Lake,Unincorporated,"2243","0",N,Big Lake,Q-6,"Big Lake, Q-6",dd326a62-f219-48e7-af91-3caabdd2075c,gplumley,2018-04-25T17:36:08.220Z,gplumley,2018-04-25T17:36:08.220Z,
"72",Oscarville,Unincorporated,"59","0",Y,Oscarville,K-6,"Oscarville, K-6",e40f89bb-41cc-4b4a-9ac6-3b2165c166a8,gplumley,2018-04-25T17:36:08.220Z,gplumley,2018-04-25T17:36:08.220Z,
"73",Atmautluak,Unincorporated,"247","0",Y,Atmautluak,J-6,"Atmautluak, J-6",9c317f74-c0ef-46d2-ae8e-d6313e17ff01,gplumley,2018-04-25T17:36:08.220Z,gplumley,2018-04-25T17:36:08.220Z,
"74",Tazlina,Unincorporated,"297","0",Y,Tazlina,S-5,"Tazlina, S-5",f4b39e24-f04d-4cfb-b448-949b3fcdd5c3,gplumley,2018-04-25T17:36:08.220Z,gplumley,2018-04-25T17:36:08.220Z,
"75",Chenega,Unincorporated,"91","0",Y,Chenega,Q-6,"Chenega, Q-6",892b00ff-e709-4648-b171-e8496f976a93,gplumley,2018-04-25T17:36:08.220Z,gplumley,2018-04-25T17:36:08.220Z,
"76",Nelson Lagoon,Unincorporated,"90","0",Y,Nelson Lagoon,K-8,"Nelson Lagoon, K-8",5263633a-5a11-449b-9f12-0889f7ac35fc,gplumley,2018-04-25T17:36:08.220Z,gplumley,2018-04-25T17:36:08.220Z,
"77",Port Moller,Unincorporated,"0","0",N,Port Moller,K-9,"Port Moller, K-9",ff558140-0b74-4b3c-aaef-806827dc709e,gplumley,2018-04-25T17:36:08.220Z,gplumley,2018-04-25T17:36:08.220Z,
"78",Eyak,Unincorporated,"166","0",Y,Eyak,S-6,"Eyak, S-6",59e6165a-9bc0-48d1-94d0-dce7b4a8acc3,gplumley,2018-04-25T17:36:08.220Z,gplumley,2018-04-25T17:36:08.220Z,
"79",Alatna,Unincorporated,"31","0",Y,Alatna,O-3,"Alatna, O-3",20be945d-f8a4-47ac-8c7e-d53c3ac21a37,gplumley,2018-04-25T17:36:08.220Z,gplumley,2018-04-25T17:36:08.220Z,
"80",Iditarod,Unincorporated,"0","0",N,Iditarod,L-5,"Iditarod, L-5",51fc7fec-a760-459c-81d5-8421777de834,gplumley,2018-04-25T17:36:08.220Z,gplumley,2018-04-25T17:36:08.220Z,
"81",Karluk,Unincorporated,"48","0",Y,Karluk,N-8,"Karluk, N-8",c1aea7a3-8786-4986-bb46-1a097987ed4a,gplumley,2018-04-25T17:36:08.220Z,gplumley,2018-04-25T17:36:08.220Z,
"82",Lower Kalskag,Second Class City,"278","1969",Y,Lower Kalskag,K-6,"Lower Kalskag, K-6",8f9a9ff9-7f4c-45b1-be41-a3417d3f8828,gplumley,2018-04-25T17:36:08.220Z,gplumley,2018-04-25T17:36:08.220Z,
"83",Upper Kalskag,Second Class City,"198","1975",Y,Upper Kalskag,K-6,"Upper Kalskag, K-6",d82d757e-1e88-4d11-8d1c-48ae5df39ff2,gplumley,2018-04-25T17:36:08.220Z,gplumley,2018-04-25T17:36:08.220Z,
"84",Chalkyitsik,Unincorporated,"87","0",Y,Chalkyitsik,T-3,"Chalkyitsik, T-3",380feea8-13f1-4171-ad84-283e677e1194,gplumley,2018-04-25T17:36:08.220Z,gplumley,2018-04-25T17:36:08.220Z,
"85",Cantwell,Unincorporated,"144","0",Y,Cantwell,Q-5,"Cantwell, Q-5",c79a6573-98a8-423f-bbb5-974ea08b976b,gplumley,2018-04-25T17:36:08.220Z,gplumley,2018-04-25T17:36:08.220Z,
"86",Seward,Home Rule City,"2999","1912",N,Seward,Q-6,"Seward, Q-6",dd8964c4-7541-4196-8735-d5ac95178a5c,gplumley,2018-04-25T17:36:08.220Z,gplumley,2018-04-25T17:36:08.220Z,
"87",Cooper Landing,Unincorporated,"271","0",N,Cooper Landing,Q-6,"Cooper Landing, Q-6",d5564057-ae7e-4eaa-934a-68567b264c83,gplumley,2018-04-25T17:36:08.220Z,gplumley,2018-04-25T17:36:08.220Z,
"88",Palmer,Home Rule City,"3946","1951",N,Palmer,Q-6,"Palmer, Q-6",5e093555-8fd9-4ee5-a54c-3b5fa85f35dc,gplumley,2018-04-25T17:36:08.220Z,gplumley,2018-04-25T17:36:08.220Z,
"89",Wasilla,First Class City,"4917","1974",N,Wasilla,Q-6,"Wasilla, Q-6",0594bbd8-5685-4272-b57f-7caddcb48890,gplumley,2018-04-25T17:36:08.220Z,gplumley,2018-04-25T17:36:08.220Z,
"90",Houston,Second Class City,"994","1966",N,Houston,Q-6,"Houston, Q-6",2f9761c3-1de5-4077-9712-81e2db6a2715,gplumley,2018-04-25T17:36:08.220Z,gplumley,2018-04-25T17:36:08.220Z,
"91",Knik,Unincorporated,"443","0",Y,Knik,Q-6,"Knik, Q-6",4a018f98-60fb-43c3-8054-6800ffd07e2b,gplumley,2018-04-25T17:36:08.220Z,gplumley,2018-04-25T17:36:08.220Z,
"92",Sutton,Unincorporated,"431","0",N,Sutton,Q-6,"Sutton, Q-6",3da028c5-8d4b-4252-ad6d-ddcf16fa4f53,gplumley,2018-04-25T17:36:08.220Z,gplumley,2018-04-25T17:36:08.220Z,
"93",Chickaloon,Unincorporated,"205","0",Y,Chickaloon,Q-6,"Chickaloon, Q-6",598180d3-4de7-44d5-870c-dd249672ddad,gplumley,2018-04-25T17:36:08.220Z,gplumley,2018-04-25T17:36:08.220Z,
"94",Willow,Unincorporated,"408","0",N,Willow,P-6,"Willow, P-6",1ed1272e-5d2d-4198-bf90-a4a19801b1cf,gplumley,2018-04-25T17:36:08.220Z,gplumley,2018-04-25T17:36:08.220Z,
"95",Eklutna,Unincorporated,"425","0",Y,Eklutna,Q-6,"Eklutna, Q-6",93b01360-1f4e-499e-9316-9257a033bf64,gplumley,2018-04-25T17:36:08.220Z,gplumley,2018-04-25T17:36:08.220Z,
"96",Glennallen,Unincorporated,"513","0",N,Glennallen,S-5,"Glennallen, S-5",65318f37-ac34-4bae-ab67-85cbb4d64a0a,gplumley,2018-04-25T17:36:08.220Z,gplumley,2018-04-25T17:36:08.220Z,
"97",Copper Center,Unincorporated,"536","0",Y,Copper Center,S-6,"Copper Center, S-6",15eb8ff4-1bb1-4176-9596-b7a526b1764f,gplumley,2018-04-25T17:36:08.220Z,gplumley,2018-04-25T17:36:08.220Z,
"98",Chitina,Unincorporated,"84","0",Y,Chitina,S-6,"Chitina, S-6",816d68c6-4afa-4b77-a424-f2ec20cead06,gplumley,2018-04-25T17:36:08.220Z,gplumley,2018-04-25T17:36:08.220Z,
"99",Gulkana,Unincorporated,"95","0",Y,Gulkana,S-5,"Gulkana, S-5",2d2ffaf2-8f2c-44f2-a305-341d578f1e49,gplumley,2018-04-25T17:36:08.220Z,gplumley,2018-04-25T17:36:08.220Z,
"100",Gakona,Unincorporated,"23","0",Y,Gakona,S-5,"Gakona, S-5",f40ed89e-cfcf-4671-8267-2f6fc9331985,gplumley,2018-04-25T17:36:08.220Z,gplumley,2018-04-25T17:36:08.220Z,
"101",Chistochina,Unincorporated,"55","0",Y,Chistochina,S-5,"Chistochina, S-5",21694d71-fcdf-4bea-9b1d-379424332342,gplumley,2018-04-25T17:36:08.220Z,gplumley,2018-04-25T17:36:08.220Z,
"102",Nabesna,Unincorporated,"0","0",N,Nabesna,T-5,"Nabesna, T-5",8b620c4d-dbec-4618-9f91-9e8597dce350,gplumley,2018-04-25T17:36:08.220Z,gplumley,2018-04-25T17:36:08.220Z,
"103",McCarthy,Unincorporated,"28","0",N,McCarthy,T-6,"McCarthy, T-6",d23ad894-4922-46d1-bd3a-60394fbe05d2,gplumley,2018-04-25T17:36:08.220Z,gplumley,2018-04-25T17:36:08.220Z,
"104",Yakutat,Unincorporated,"833","1948",Y,Yakutat,V-7,"Yakutat, V-7",bd28105e-811b-465b-9617-52b8aed562a7,gplumley,2018-04-25T17:36:08.220Z,gplumley,2018-04-25T17:36:08.220Z,
"105",Skagway,Unincorporated,"816","1900",N,Skagway,X-7,"Skagway, X-7",ef4b8d7f-dc46-4230-98ab-4d3f0bd0ed0c,gplumley,2018-04-25T17:36:08.220Z,gplumley,2018-04-25T17:36:08.220Z,
"106",Klukwan,Unincorporated,"160","0",Y,Klukwan,X-7,"Klukwan, X-7",e8dafcc8-7f1e-4a5f-a1e8-cd3a6430fa41,gplumley,2018-04-25T17:36:08.220Z,gplumley,2018-04-25T17:36:08.220Z,
"107",Juneau,Unincorporated,"29813","1970",N,Juneau,X-7,"Juneau, X-7",3eb6d951-1814-45fb-ad7b-448a662bbb69,gplumley,2018-04-25T17:36:08.220Z,gplumley,2018-04-25T17:36:08.220Z,
"108",Pelican,First Class City,"187","1943",N,Pelican,W-8,"Pelican, W-8",6e3dfdc9-a98d-4575-b56f-3716843567c4,gplumley,2018-04-25T17:36:08.220Z,gplumley,2018-04-25T17:36:08.220Z,
"109",Tenakee Springs,Second Class City,"98","1971",N,Tenakee Springs,X-8,"Tenakee Springs, X-8",45d79afd-3abf-4102-9f81-dd90f4eeedd0,gplumley,2018-04-25T17:36:08.220Z,gplumley,2018-04-25T17:36:08.220Z,
"110",Hoonah,First Class City,"906","1946",Y,Hoonah,X-7,"Hoonah, X-7",3cf2b702-7816-4f8f-97f9-3afb679a5e78,gplumley,2018-04-25T17:36:08.220Z,gplumley,2018-04-25T17:36:08.220Z,
"111",Elfin Cove,Unincorporated,"54","0",N,Elfin Cove,W-7,"Elfin Cove, W-7",b0728f25-1c53-43a2-b751-b91e85100927,gplumley,2018-04-25T17:36:08.220Z,gplumley,2018-04-25T17:36:08.220Z,
"112",Angoon,Second Class City,"616","1963",Y,Angoon,X-8,"Angoon, X-8",94eb9830-57cc-4e90-a227-e9b114c4a52a,gplumley,2018-04-25T17:36:08.220Z,gplumley,2018-04-25T17:36:08.220Z,
"113",Kake,First Class City,"767","1952",Y,Kake,Y-8,"Kake, Y-8",18b904c2-ed73-4aea-b5e2-94bf9dd3fb96,gplumley,2018-04-25T17:36:08.220Z,gplumley,2018-04-25T17:36:08.220Z,
"114",Wrangell,Unincorporated,"2543","1903",N,Wrangell,Y-8,"Wrangell, Y-8",d3f90317-1b72-43bf-8ef4-87a2adb192a7,gplumley,2018-04-25T17:36:08.220Z,gplumley,2018-04-25T17:36:08.220Z,
"115",Point Baker,Unincorporated,"57","0",N,Point Baker,Y-8,"Point Baker, Y-8",301551b4-27ac-4c16-b7ee-e0420c174cc5,gplumley,2018-04-25T17:36:08.220Z,gplumley,2018-04-25T17:36:08.220Z,
"116",Petersburg,Unincorporated,"3432","1910",N,Petersburg,Y-8,"Petersburg, Y-8",89aeb98a-1ff9-47cf-b03e-0e2b1a4963a5,gplumley,2018-04-25T17:36:08.220Z,gplumley,2018-04-25T17:36:08.220Z,
"117",Kupreanof,Second Class City,"24","1975",N,Kupreanof,Y-8,"Kupreanof, Y-8",7bbe2e73-a68e-43c2-834f-b4d9d8ed326a,gplumley,2018-04-25T17:36:08.220Z,gplumley,2018-04-25T17:36:08.220Z,
"118",Port Alexander,Second Class City,"94","1974",N,Port Alexander,X-8,"Port Alexander, X-8",b822b0a0-0dec-4138-bc7e-621a38df0da0,gplumley,2018-04-25T17:36:08.220Z,gplumley,2018-04-25T17:36:08.220Z,
"119",Edna Bay,Second Class City,"49","2014",N,Edna Bay,Y-9,"Edna Bay, Y-9",e6705e9c-638b-4426-81fe-e09b659e1742,gplumley,2018-04-25T17:36:08.220Z,gplumley,2018-04-25T17:36:08.220Z,
"120",Craig,First Class City,"2043","1922",Y,Craig,Y-9,"Craig, Y-9",faf82a55-21b3-4d33-85d0-044eafa33f7b,gplumley,2018-04-25T17:36:08.220Z,gplumley,2018-04-25T17:36:08.220Z,
"121",Klawock,First Class City,"704","1929",Y,Klawock,Y-9,"Klawock, Y-9",e41650d1-417f-43c1-8c45-c34512a84c69,gplumley,2018-04-25T17:36:08.220Z,gplumley,2018-04-25T17:36:08.220Z,
"122",Kasaan,Second Class City,"42","1976",Y,Kasaan,Y-9,"Kasaan, Y-9",70e6986d-9c8c-4acd-b609-1f8717db7c57,gplumley,2018-04-25T17:36:08.220Z,gplumley,2018-04-25T17:36:08.220Z,
"123",Hydaburg,First Class City,"398","1927",Y,Hydaburg,Y-9,"Hydaburg, Y-9",e760f393-85e2-470b-9bbe-da08462b6229,gplumley,2018-04-25T17:36:08.220Z,gplumley,2018-04-25T17:36:08.220Z,
"124",Meyers Chuck,Unincorporated,"28","0",N,Meyers Chuck,Y-9,"Meyers Chuck, Y-9",4fbd2334-0a48-47dc-8720-71abed695b2e,gplumley,2018-04-25T17:36:08.220Z,gplumley,2018-04-25T17:36:08.220Z,
"125",Ketchikan,Home Rule City,"8552","1900",N,Ketchikan,Z-9,"Ketchikan, Z-9",7da800da-2d5f-4c81-af82-cec16ab0c6fd,gplumley,2018-04-25T17:36:08.220Z,gplumley,2018-04-25T17:36:08.220Z,
"126",Saxman,Second Class City,"381","1929",Y,Saxman,Z-9,"Saxman, Z-9",4aee9c69-455b-43d5-a325-318c465aa07c,gplumley,2018-04-25T17:36:08.220Z,gplumley,2018-04-25T17:36:08.220Z,
"127",Hyder,Unincorporated,"151","0",N,Hyder,Z-9,"Hyder, Z-9",99ecfda8-21ac-44c5-88c8-28399601f902,gplumley,2018-04-25T17:36:08.220Z,gplumley,2018-04-25T17:36:08.220Z,
"128",Sitka,Unincorporated,"8733","1971",N,Sitka,X-8,"Sitka, X-8",9a07ffbb-76da-4573-a12c-39c1b5d921d7,gplumley,2018-04-25T17:36:08.220Z,gplumley,2018-04-25T17:36:08.220Z,
"129",Cordova,Home Rule City,"2467","1909",N,Cordova,S-6,"Cordova, S-6",ff78a5d8-5476-43be-abee-5f7eb97f62ce,gplumley,2018-04-25T17:36:08.220Z,gplumley,2018-04-25T17:36:08.220Z,
"130",Valdez,Home Rule City,"4184","1901",N,Valdez,R-6,"Valdez, R-6",8e05098d-7153-4d27-9443-bc3dbb71ab03,gplumley,2018-04-25T17:36:08.220Z,gplumley,2018-04-25T17:36:08.220Z,
"131",Tatitlek,Unincorporated,"99","0",Y,Tatitlek,R-6,"Tatitlek, R-6",dcb0e36f-51d3-48b9-8638-e8946fa726b9,gplumley,2018-04-25T17:36:08.220Z,gplumley,2018-04-25T17:36:08.220Z,
"132",Seldovia,First Class City,"414","1945",Y,Seldovia,P-7,"Seldovia, P-7",2f523250-1d20-4d3d-85bd-7a188a008f4b,gplumley,2018-04-25T17:36:08.220Z,gplumley,2018-04-25T17:36:08.220Z,
"133",Port Graham,Unincorporated,"186","0",Y,Port Graham,P-7,"Port Graham, P-7",37300c0b-e3fd-48a7-a432-07119d9e5e3a,gplumley,2018-04-25T17:36:08.220Z,gplumley,2018-04-25T17:36:08.220Z,
"134",Anchor Point,Unincorporated,"866","0",N,Anchor Point,P-7,"Anchor Point, P-7",e44618cc-5044-463e-9092-e27dade56065,gplumley,2018-04-25T17:36:08.220Z,gplumley,2018-04-25T17:36:08.220Z,
"135",Homer,First Class City,"4126","1964",N,Homer,P-7,"Homer, P-7",0b648abd-4685-4d41-8efc-7173984b7e3a,gplumley,2018-04-25T17:36:08.220Z,gplumley,2018-04-25T17:36:08.220Z,
"136",Ninilchik,Unincorporated,"655","0",Y,Ninilchik,P-6,"Ninilchik, P-6",fab6ec9e-7327-4e9c-9b45-9ca8eb3e70a2,gplumley,2018-04-25T17:36:08.220Z,gplumley,2018-04-25T17:36:08.220Z,
"137",Kenai,Home Rule City,"6971","1960",N,Kenai,P-6,"Kenai, P-6",7ff6476b-faf0-4f77-a1d2-f4ea18eb2555,gplumley,2018-04-25T17:36:08.220Z,gplumley,2018-04-25T17:36:08.220Z,
"138",Soldotna,Home Rule City,"4092","1967",N,Soldotna,P-6,"Soldotna, P-6",dcec9fc1-2947-4007-bbf7-1f993f51aef8,gplumley,2018-04-25T17:36:08.220Z,gplumley,2018-04-25T17:36:08.220Z,
"139",Whittier,Second Class City,"289","1969",N,Whittier,Q-6,"Whittier, Q-6",f029f443-c17c-42cb-aad6-1658b35d4697,gplumley,2018-04-25T17:36:08.220Z,gplumley,2018-04-25T17:36:08.220Z,
"140",Hope,Unincorporated,"152","0",N,Hope,Q-6,"Hope, Q-6",209bfdc4-5c17-4c52-aa7f-7c72ea463e44,gplumley,2018-04-25T17:36:08.220Z,gplumley,2018-04-25T17:36:08.220Z,
"141",Tyonek,Unincorporated,"151","0",Y,Tyonek,P-6,"Tyonek, P-6",6e8f91cd-c77a-436e-acea-e28e1f6c14cd,gplumley,2018-04-25T17:36:08.220Z,gplumley,2018-04-25T17:36:08.220Z,
"142",Talkeetna,Unincorporated,"347","0",N,Talkeetna,P-5,"Talkeetna, P-5",b626c9f0-ff37-4ca1-89d9-8eaf60663535,gplumley,2018-04-25T17:36:08.220Z,gplumley,2018-04-25T17:36:08.220Z,
"143",Healy,Unincorporated,"603","0",N,Healy,Q-5,"Healy, Q-5",c3c25ca6-804e-4d1e-a263-a70fb0a7e2c3,gplumley,2018-04-25T17:36:08.220Z,gplumley,2018-04-25T17:36:08.220Z,
"144",Tanacross,Unincorporated,"85","0",Y,Tanacross,T-5,"Tanacross, T-5",60c92add-b918-4075-aa67-1a7f7e3de700,gplumley,2018-04-25T17:36:08.220Z,gplumley,2018-04-25T17:36:08.220Z,
"145",Northway,Unincorporated,"119","0",Y,Northway,U-5,"Northway, U-5",d9cdce3f-48d0-4da4-8402-7a28818a3ebf,gplumley,2018-04-25T17:36:08.220Z,gplumley,2018-04-25T17:36:08.220Z,
"146",Tok,Unincorporated,"1216","0",N,Tok,T-5,"Tok, T-5",4ec0d761-deff-4830-8991-66b7947d77e0,gplumley,2018-04-25T17:36:08.220Z,gplumley,2018-04-25T17:36:08.220Z,
"147",Chicken,Unincorporated,"17","0",N,Chicken,U-4,"Chicken, U-4",3a008475-623e-4f5f-8261-dd428db4f5c3,gplumley,2018-04-25T17:36:08.220Z,gplumley,2018-04-25T17:36:08.220Z,
"148",Delta Junction,Second Class City,"855","1960",N,Delta Junction,S-4,"Delta Junction, S-4",9fbdcbfa-8c0a-4e75-9164-f6bfb7f393f2,gplumley,2018-04-25T17:36:08.220Z,gplumley,2018-04-25T17:36:08.220Z,
"149",Eagle,Second Class City,"165","1901",N,Eagle,U-4,"Eagle, U-4",f04923ae-5486-4dd1-ba90-8c846299b7ef,gplumley,2018-04-25T17:36:08.220Z,gplumley,2018-04-25T17:36:08.220Z,
"150",Eagle Village,Unincorporated,"34","0",Y,Eagle Village,U-4,"Eagle Village, U-4",dc99d582-d4a6-48ea-adcc-f3b32f146de5,gplumley,2018-04-25T17:36:08.220Z,gplumley,2018-04-25T17:36:08.220Z,
"151",Circle Hot Springs,Unincorporated,"32","0",N,Circle Hot Springs,S-4,"Circle Hot Springs, S-4",f7a7fd71-2787-4c9e-90fe-a9d99dd36365,gplumley,2018-04-25T17:36:08.220Z,gplumley,2018-04-25T17:36:08.220Z,
"152",Chena Hot Springs,Unincorporated,"0","0",N,Chena Hot Springs,R-4,"Chena Hot Springs, R-4",0c0cf4b6-9b57-4c54-9a60-cd38fba185ce,gplumley,2018-04-25T17:36:08.220Z,gplumley,2018-04-25T17:36:08.220Z,
"153",Fairbanks,Home Rule City,"31850","1903",N,Fairbanks,R-4,"Fairbanks, R-4",363bd87a-ae41-4187-94fd-0d60b52ac4c6,gplumley,2018-04-25T17:36:08.220Z,gplumley,2018-04-25T17:36:08.220Z,
"154",North Pole,Home Rule City,"1631","1953",N,North Pole,R-4,"North Pole, R-4",a48a4ecb-f568-4aa4-b675-5426fce3c8d1,gplumley,2018-04-25T17:36:08.220Z,gplumley,2018-04-25T17:36:08.220Z,
"155",Livengood,Unincorporated,"0","0",N,Livengood,Q-4,"Livengood, Q-4",fbf7ef2f-36fb-4592-a637-e6ae4262b9e8,gplumley,2018-04-25T17:36:08.220Z,gplumley,2018-04-25T17:36:08.220Z,
"156",Lake Minchumina,Unincorporated,"45","0",N,Lake Minchumina,O-5,"Lake Minchumina, O-5",b2b022af-b0f0-47f6-a58f-70e4ecb9892b,gplumley,2018-04-25T17:36:08.220Z,gplumley,2018-04-25T17:36:08.220Z,
"157",Anderson,Second Class City,"565","1962",N,Anderson,Q-4,"Anderson, Q-4",731ec1f3-521e-4c5a-9fde-38f982bbd47e,gplumley,2018-04-25T17:36:08.220Z,gplumley,2018-04-25T17:36:08.220Z,
"158",Nenana,Home Rule City,"356","1921",Y,Nenana,Q-4,"Nenana, Q-4",931c9914-8b01-4715-b901-5c11d0a707dd,gplumley,2018-04-25T17:36:08.220Z,gplumley,2018-04-25T17:36:08.220Z,
"159",Tanana,First Class City,"299","1961",Y,Tanana,O-4,"Tanana, O-4",c1004631-3f2a-4d0a-bf40-97391b291e98,gplumley,2018-04-25T17:36:08.220Z,gplumley,2018-04-25T17:36:08.220Z,
"160",Manley Hot Springs,Unincorporated,"90","0",Y,Manley Hot Springs,P-4,"Manley Hot Springs, P-4",5d64ab0d-e1fc-44b4-9f7c-a0007b33c5a7,gplumley,2018-04-25T17:36:08.220Z,gplumley,2018-04-25T17:36:08.220Z,
"161",Rampart,Unincorporated,"54","0",Y,Rampart,P-4,"Rampart, P-4",0adbb815-00d2-46d6-9644-6b5a3c8c2f81,gplumley,2018-04-25T17:36:08.220Z,gplumley,2018-04-25T17:36:08.220Z,
"162",Circle,Unincorporated,"83","0",Y,Circle,S-4,"Circle, S-4",2fbc0da7-1570-4eb4-a6c9-bacc3dc706b8,gplumley,2018-04-25T17:36:08.220Z,gplumley,2018-04-25T17:36:08.220Z,
"163",Fort Yukon,Second Class City,"575","1959",Y,Fort Yukon,S-3,"Fort Yukon, S-3",80120d9d-a52c-4bd5-a3bb-b1d576597530,gplumley,2018-04-25T17:36:08.220Z,gplumley,2018-04-25T17:36:08.220Z,
"164",Beaver,Unincorporated,"103","0",Y,Beaver,R-3,"Beaver, R-3",f127a10f-31cd-466c-9f8f-60343f2f8647,gplumley,2018-04-25T17:36:08.220Z,gplumley,2018-04-25T17:36:08.220Z,
"165",Stevens Village,Unincorporated,"99","0",Y,Stevens Village,Q-3,"Stevens Village, Q-3",86131711-838e-4295-afb7-4f5e8488127a,gplumley,2018-04-25T17:36:08.220Z,gplumley,2018-04-25T17:36:08.220Z,
"166",Anaktuvuk Pass,Second Class City,"301","1957",Y,Anaktuvuk Pass,P-2,"Anaktuvuk Pass, P-2",80ca22b1-9d90-41c5-b740-4c2f4f996bac,gplumley,2018-04-25T17:36:08.220Z,gplumley,2018-04-25T17:36:08.220Z,
"167",Bettles,Second Class City,"32","1985",N,Bettles,P-3,"Bettles, P-3",096e676a-f65f-440d-852b-988a130edd33,gplumley,2018-04-25T17:36:08.220Z,gplumley,2018-04-25T17:36:08.220Z,
"168",Allakaket,Second Class City,"182","1975",Y,Allakaket,O-3,"Allakaket, O-3",3142cd39-8a6b-422c-aed6-616abf5b45eb,gplumley,2018-04-25T17:36:08.220Z,gplumley,2018-04-25T17:36:08.220Z,
"169",Evansville,Unincorporated,"43","0",Y,Evansville,P-3,"Evansville, P-3",7bca8052-25c5-4b2b-9f07-9e976613dfe4,gplumley,2018-04-25T17:36:08.220Z,gplumley,2018-04-25T17:36:08.220Z,
"170",Wiseman,Unincorporated,"24","0",N,Wiseman,P-3,"Wiseman, P-3",e89fd396-c041-4374-b7ac-2584677625b8,gplumley,2018-04-25T17:36:08.220Z,gplumley,2018-04-25T17:36:08.220Z,
"171",Kobuk,Second Class City,"89","1973",Y,Kobuk,M-3,"Kobuk, M-3",2d30f3c1-3666-4e5f-aafd-5b68e9887384,gplumley,2018-04-25T17:36:08.220Z,gplumley,2018-04-25T17:36:08.220Z,
"172",Shungnak,Second Class City,"252","1967",Y,Shungnak,M-3,"Shungnak, M-3",e1c3470e-5ee0-450f-8af4-205edbf3cbf3,gplumley,2018-04-25T17:36:08.220Z,gplumley,2018-04-25T17:36:08.220Z,
"173",Ambler,Second Class City,"333","1971",Y,Ambler,M-3,"Ambler, M-3",d5533654-09fc-448d-ba17-60bd24d840ae,gplumley,2018-04-25T17:36:08.220Z,gplumley,2018-04-25T17:36:08.220Z,
"174",Kotzebue,Second Class City,"2885","1958",Y,Kotzebue,J-3,"Kotzebue, J-3",05d8d2fa-5553-48fb-9430-555606e24aeb,gplumley,2018-04-25T17:36:08.220Z,gplumley,2018-04-25T17:36:08.220Z,
"175",Kiana,Second Class City,"415","1964",Y,Kiana,K-3,"Kiana, K-3",ddb6cd53-4b92-41eb-8b43-40c6922b6fad,gplumley,2018-04-25T17:36:08.220Z,gplumley,2018-04-25T17:36:08.220Z,
"176",Noorvik,Second Class City,"571","1964",Y,Noorvik,K-3,"Noorvik, K-3",c5664fa7-f214-47f3-9d73-1ae394b4b5e1,gplumley,2018-04-25T17:36:08.220Z,gplumley,2018-04-25T17:36:08.220Z,
"177",Selawik,Second Class City,"696","1977",Y,Selawik,K-3,"Selawik, K-3",3bfd25c4-8990-412b-90c4-042d0608c222,gplumley,2018-04-25T17:36:08.220Z,gplumley,2018-04-25T17:36:08.220Z,
"178",Noatak,Unincorporated,"401","0",Y,Noatak,J-3,"Noatak, J-3",1b93959f-6188-4166-a205-c2f0c8b18b2a,gplumley,2018-04-25T17:36:08.220Z,gplumley,2018-04-25T17:36:08.220Z,
"179",Shishmaref,Second Class City,"542","1969",Y,Shishmaref,H-3,"Shishmaref, H-3",2ba50728-105b-407b-8a72-961088d13394,gplumley,2018-04-25T17:36:08.220Z,gplumley,2018-04-25T17:36:08.220Z,
"180",Wainwright,Second Class City,"550","1962",Y,Wainwright,K-1,"Wainwright, K-1",a42ec88b-65d4-423c-9b8f-3cc3f199cb9b,gplumley,2018-04-25T17:36:08.220Z,gplumley,2018-04-25T17:36:08.220Z,
"181",Point Lay,Unincorporated,"207","0",Y,Point Lay,J-2,"Point Lay, J-2",7c294456-1e9c-467a-b862-b4029acfa794,gplumley,2018-04-25T17:36:08.220Z,gplumley,2018-04-25T17:36:08.220Z,
"182",Point Hope,Second Class City,"749","1966",Y,Point Hope,H-2,"Point Hope, H-2",d1f5f424-53eb-484a-9ac3-aae38509d297,gplumley,2018-04-25T17:36:08.220Z,gplumley,2018-04-25T17:36:08.220Z,
"183",Atqasuk,Second Class City,"235","1982",Y,Atqasuk,M-1,"Atqasuk, M-1",e0a11f7e-d7d5-4ea4-9cf8-48ff33b7e56b,gplumley,2018-04-25T17:36:08.220Z,gplumley,2018-04-25T17:36:08.220Z,
"184",Utqiagvik,First Class City,"4380","1958",Y,Utqiagvik,M-1,"Utqiagvik, M-1",972d7bd6-12bf-4493-aa5f-05e2a9441cbd,gplumley,2018-04-25T17:36:08.220Z,gplumley,2018-04-25T17:36:08.220Z,https://dcced.maps.arcgis.com/apps/MapJournal/index.html?appid=bb631449256346db81bc026339f0e60c
"185",Nuiqsut,Second Class City,"435","1975",Y,Nuiqsut,P-1,"Nuiqsut, P-1",b4c9c463-1ab1-4a0f-913c-37932dbaaa7e,gplumley,2018-04-25T17:36:08.220Z,gplumley,2018-04-25T17:36:08.220Z,
"186",Kaktovik,Second Class City,"222","1971",Y,Kaktovik,T-1,"Kaktovik, T-1",8fae8693-e76a-4726-9685-3c5932bec9bd,gplumley,2018-04-25T17:36:08.220Z,gplumley,2018-04-25T17:36:08.220Z,
"187",Arctic Village,Unincorporated,"96","0",Y,Arctic Village,S-2,"Arctic Village, S-2",38e40581-107e-4295-b8e8-cdcf385dce7a,gplumley,2018-04-25T17:36:08.220Z,gplumley,2018-04-25T17:36:08.220Z,
"188",Huslia,Second Class City,"232","1969",Y,Huslia,M-4,"Huslia, M-4",94c677a4-8012-489a-98c1-a84764d4e3b2,gplumley,2018-04-25T17:36:08.220Z,gplumley,2018-04-25T17:36:08.220Z,
"189",Hughes,Second Class City,"52","1973",Y,Hughes,N-3,"Hughes, N-3",ccb626c7-6f62-44be-bd3d-531536e7c8f6,gplumley,2018-04-25T17:36:08.220Z,gplumley,2018-04-25T17:36:08.220Z,
"190",Galena,First Class City,"543","1971",Y,Galena,M-4,"Galena, M-4",74c728d6-e6e7-4878-acd8-c4662791aeb4,gplumley,2018-04-25T17:36:08.220Z,gplumley,2018-04-25T17:36:08.220Z,
"191",Kaltag,Second Class City,"245","1969",Y,Kaltag,L-4,"Kaltag, L-4",3bd7832c-6c59-487c-8476-7ee52dae2b8a,gplumley,2018-04-25T17:36:08.220Z,gplumley,2018-04-25T17:36:08.220Z,
"192",Nulato,Second Class City,"365","1963",Y,Nulato,L-4,"Nulato, L-4",66e6c1c3-30e2-474d-979f-1edcc2b277d0,gplumley,2018-04-25T17:36:08.220Z,gplumley,2018-04-25T17:36:08.220Z,
"193",Koyukuk,Second Class City,"113","1973",Y,Koyukuk,M-4,"Koyukuk, M-4",bd423237-882b-4044-9b32-534342dd601a,gplumley,2018-04-25T17:36:08.220Z,gplumley,2018-04-25T17:36:08.220Z,
"194",Ruby,Second Class City,"189","1973",Y,Ruby,N-4,"Ruby, N-4",c5fb0e1e-dc4c-469f-a8ff-1cd572fc2381,gplumley,2018-04-25T17:36:08.220Z,gplumley,2018-04-25T17:36:08.220Z,
"195",Nome,First Class City,"3595","1901",Y,Nome,I-4,"Nome, I-4",c1c58823-3f4d-480d-9f2d-5cfa06f01d3b,gplumley,2018-04-25T17:36:08.220Z,gplumley,2018-04-25T17:36:08.220Z,
"196",Golovin,Second Class City,"153","1971",Y,Golovin,J-4,"Golovin, J-4",20bdf487-281a-40ff-b0d0-ac3c7aeac618,gplumley,2018-04-25T17:36:08.220Z,gplumley,2018-04-25T17:36:08.220Z,
"197",Elim,Second Class City,"291","1970",Y,Elim,J-4,"Elim, J-4",bfa66bb0-5530-4e0e-909c-503e89260eae,gplumley,2018-04-25T17:36:08.220Z,gplumley,2018-04-25T17:36:08.220Z,
"198",White Mountain,Second Class City,"193","1969",Y,White Mountain,J-4,"White Mountain, J-4",6b2e4296-3fe0-4a6c-9594-8c5883a6b558,gplumley,2018-04-25T17:36:08.220Z,gplumley,2018-04-25T17:36:08.220Z,
"199",Koyuk,Second Class City,"272","1970",Y,Koyuk,K-4,"Koyuk, K-4",aac6b0b8-a9df-4d5e-a507-f5795377f03c,gplumley,2018-04-25T17:36:08.220Z,gplumley,2018-04-25T17:36:08.220Z,
"200",Buckland,Second Class City,"412","1966",Y,Buckland,K-4,"Buckland, K-4",d2486fa3-98d3-43f6-94dc-bd669889ceb3,gplumley,2018-04-25T17:36:08.220Z,gplumley,2018-04-25T17:36:08.220Z,
"201",Teller,Second Class City,"265","1963",Y,Teller,H-4,"Teller, H-4",b4a00224-d5f2-4fc3-86ac-616276a0df49,gplumley,2018-04-25T17:36:08.220Z,gplumley,2018-04-25T17:36:08.220Z,
"202",Brevig Mission,Second Class City,"265","1969",Y,Brevig Mission,H-4,"Brevig Mission, H-4",b18134e9-58ec-431e-b930-d0562d40189c,gplumley,2018-04-25T17:36:08.220Z,gplumley,2018-04-25T17:36:08.220Z,
"203",Candle,Unincorporated,"11","0",N,Candle,K-4,"Candle, K-4",5676d81c-70c1-4993-9ba9-e4ad1e9be4d3,gplumley,2018-04-25T17:36:08.220Z,gplumley,2018-04-25T17:36:08.220Z,
"204",Solomon,Unincorporated,"0","0",Y,Solomon,I-4,"Solomon, I-4",d0e2af6c-2b80-4335-bd91-8d9a98b03866,gplumley,2018-04-25T17:36:08.220Z,gplumley,2018-04-25T17:36:08.220Z,
"205",Council,Unincorporated,"0","0",Y,Council*,J-4,"Council*, J-4",0950784d-7b6a-4485-ba26-9e48254164f9,gplumley,2018-04-25T17:36:08.220Z,gplumley,2018-04-25T17:36:08.220Z,
"206",Marys Igloo,Unincorporated,"0","0",Y,Marys Igloo*,I-4,"Marys Igloo*, I-4",88ef3430-281d-4eed-9416-563da8f7b65d,gplumley,2018-04-25T17:36:08.220Z,gplumley,2018-04-25T17:36:08.220Z,
"207",Wales,Second Class City,"162","1964",Y,Wales,G-4,"Wales, G-4",b7bc50a3-9bbe-4f3b-9f58-90dff1a3ac67,gplumley,2018-04-25T17:36:08.220Z,gplumley,2018-04-25T17:36:08.220Z,
"208",Gambell,Second Class City,"653","1963",Y,Gambell,F-5,"Gambell, F-5",4c8873b9-d236-41e5-8e79-c8354f563108,gplumley,2018-04-25T17:36:08.220Z,gplumley,2018-04-25T17:36:08.220Z,
"209",Saint Mary's,First Class City,"504","1967",Y,Saint Mary's,J-5,"Saint Mary's, J-5",352b1921-c9e0-4d32-9f90-9b26b54432d3,gplumley,2018-04-25T17:36:08.220Z,gplumley,2018-04-25T17:36:08.220Z,
"210",Pilot Station,Second Class City,"547","1969",Y,Pilot Station,J-6,"Pilot Station, J-6",aaed9a84-0414-4cb4-a22c-38b289eaf889,gplumley,2018-04-25T17:36:08.220Z,gplumley,2018-04-25T17:36:08.220Z,
"211",Scammon Bay,Second Class City,"459","1967",Y,Scammon Bay,I-6,"Scammon Bay, I-6",b63a879a-696d-4072-a27d-538b342a0c6b,gplumley,2018-04-25T17:36:08.220Z,gplumley,2018-04-25T17:36:08.220Z,
"212",Hooper Bay,Second Class City,"1012","1966",Y,Hooper Bay,H-6,"Hooper Bay, H-6",5c952652-3b63-4ecb-8f56-99e40ea32c11,gplumley,2018-04-25T17:36:08.220Z,gplumley,2018-04-25T17:36:08.220Z,
"213",Nunam Iqua,Second Class City,"150","1974",Y,Nunam Iqua,I-5,"Nunam Iqua, I-5",baae3d1d-6f7e-4e28-9af8-c6135c8eb2f5,gplumley,2018-04-25T17:36:08.220Z,gplumley,2018-04-25T17:36:08.220Z,
"214",Alakanuk,Second Class City,"651","1969",Y,Alakanuk,I-5,"Alakanuk, I-5",5b80bd23-0d03-4cca-942a-0f192c4a8727,gplumley,2018-04-25T17:36:08.220Z,gplumley,2018-04-25T17:36:08.220Z,
"215",Emmonak,Second Class City,"798","1964",Y,Emmonak,I-5,"Emmonak, I-5",992512bb-34ed-4cbc-812e-e90da7a9eac2,gplumley,2018-04-25T17:36:08.220Z,gplumley,2018-04-25T17:36:08.220Z,
"216",Stebbins,Second Class City,"513","1969",Y,Stebbins,J-5,"Stebbins, J-5",82492e20-2a94-49cb-9f79-6fa8a90b79ca,gplumley,2018-04-25T17:36:08.220Z,gplumley,2018-04-25T17:36:08.220Z,
"217",Saint Michael,Second Class City,"341","1969",Y,Saint Michael,J-5,"Saint Michael, J-5",13d2bce6-b874-477c-a442-2fcd993d0f66,gplumley,2018-04-25T17:36:08.220Z,gplumley,2018-04-25T17:36:08.220Z,
"218",Kotlik,Second Class City,"543","1970",Y,Kotlik,J-5,"Kotlik, J-5",a91e28c9-4133-48d3-8668-d3fd24fda1c7,gplumley,2018-04-25T17:36:08.220Z,gplumley,2018-04-25T17:36:08.220Z,
"219",Bill Moores,Unincorporated,"0","0",Y,Bill Moores*,J-5,"Bill Moores*, J-5",7c211726-6f31-40cc-97c3-6029744ff3a3,gplumley,2018-04-25T17:36:08.220Z,gplumley,2018-04-25T17:36:08.220Z,
"220",Hamilton,Unincorporated,"0","0",Y,Hamilton*,J-5,"Hamilton*, J-5",09e7d2e4-a0b5-4bfa-a644-d7b9e457cf07,gplumley,2018-04-25T17:36:08.220Z,gplumley,2018-04-25T17:36:08.220Z,
"221",Pitkas Point,Unincorporated,"154","0",Y,Pitkas Point,J-5,"Pitkas Point, J-5",466bee68-c914-45ef-8940-b60c8c75379d,gplumley,2018-04-25T17:36:08.220Z,gplumley,2018-04-25T17:36:08.220Z,
"222",Chevak,Second Class City,"721","1967",Y,Chevak,I-6,"Chevak, I-6",fd1e1a3c-2e90-4323-92a2-0458b74b855a,gplumley,2018-04-25T17:36:08.220Z,gplumley,2018-04-25T17:36:08.220Z,
"223",Marshall,Second Class City,"318","1970",Y,Marshall,J-6,"Marshall, J-6",8bb822bb-bb26-4599-8019-2196f4470f66,gplumley,2018-04-25T17:36:08.220Z,gplumley,2018-04-25T17:36:08.220Z,
"224",Ohogamiut,Unincorporated,"0","0",Y,Ohogamiut*,K-6,"Ohogamiut*, K-6",d770e092-446d-4035-88a3-68084d2eaa1e,gplumley,2018-04-25T17:36:08.220Z,gplumley,2018-04-25T17:36:08.220Z,
"225",Holy Cross,Second Class City,"260","1968",Y,Holy Cross,L-5,"Holy Cross, L-5",3d0f0c2a-258e-4cae-91f3-437b1862b181,gplumley,2018-04-25T17:36:08.220Z,gplumley,2018-04-25T17:36:08.220Z,
"226",Shageluk,Second Class City,"145","1970",Y,Shageluk,L-5,"Shageluk, L-5",b56d50e6-f76e-432b-b3ee-0d3667302233,gplumley,2018-04-25T17:36:08.220Z,gplumley,2018-04-25T17:36:08.220Z,
"227",Anvik,Second Class City,"83","1969",Y,Anvik,K-5,"Anvik, K-5",ab460ab8-4dd1-4682-9ef5-7116b2ac788f,gplumley,2018-04-25T17:36:08.220Z,gplumley,2018-04-25T17:36:08.220Z,
"228",Aniak,Second Class City,"578","1972",Y,Aniak,L-6,"Aniak, L-6",e394b473-40aa-4899-9afd-5559cffcac37,gplumley,2018-04-25T17:36:08.220Z,gplumley,2018-04-25T17:36:08.220Z,
"229",Napaimute,Unincorporated,"3","0",Y,Napaimute,L-6,"Napaimute, L-6",8be540e5-9438-4f0d-af6a-ad8564837607,gplumley,2018-04-25T17:36:08.220Z,gplumley,2018-04-25T17:36:08.220Z,
"230",Crooked Creek,Unincorporated,"138","0",Y,Crooked Creek,L-6,"Crooked Creek, L-6",c8ec7eca-781c-41f6-8692-77129e24f447,gplumley,2018-04-25T17:36:08.220Z,gplumley,2018-04-25T17:36:08.220Z,
"231",Sleetmute,Unincorporated,"102","0",Y,Sleetmute,M-6,"Sleetmute, M-6",20e59dcb-7e99-4e03-9a33-18aecf5d0adc,gplumley,2018-04-25T17:36:08.220Z,gplumley,2018-04-25T17:36:08.220Z,
"232",Stony River,Unincorporated,"42","0",Y,Stony River,M-6,"Stony River, M-6",5addfb79-f41a-4ca4-83c1-cb754228d8ac,gplumley,2018-04-25T17:36:08.220Z,gplumley,2018-04-25T17:36:08.220Z,
"233",Lime Village,Unincorporated,"47","0",Y,Lime Village,N-6,"Lime Village, N-6",3a52d769-5cf9-4485-8c75-eb7dac8b4adb,gplumley,2018-04-25T17:36:08.220Z,gplumley,2018-04-25T17:36:08.220Z,
"234",Red Devil,Unincorporated,"49","0",Y,Red Devil,M-6,"Red Devil, M-6",cf517d62-d50a-44c3-943b-af1a2d9ca48e,gplumley,2018-04-25T17:36:08.220Z,gplumley,2018-04-25T17:36:08.220Z,
"235",Unalakleet,Second Class City,"803","1974",Y,Unalakleet,K-5,"Unalakleet, K-5",deeb7b7d-2b9b-4e7f-be22-d1267184464c,gplumley,2018-04-25T17:36:08.220Z,gplumley,2018-04-25T17:36:08.220Z,
"236",McGrath,Second Class City,"456","1975",Y,McGrath,N-5,"McGrath, N-5",1e99cf2c-140c-49f7-afc1-dcc9fb6b0e47,gplumley,2018-04-25T17:36:08.220Z,gplumley,2018-04-25T17:36:08.220Z,
"237",Takotna,Unincorporated,"63","0",Y,Takotna,M-5,"Takotna, M-5",68f0a5ac-78e0-4fca-a554-f8087a60ab7c,gplumley,2018-04-25T17:36:08.220Z,gplumley,2018-04-25T17:36:08.220Z,
"238",Ophir,Unincorporated,"0","0",N,Ophir,M-5,"Ophir, M-5",761171bd-91d9-4532-88e4-d8a917af5ab8,gplumley,2018-04-25T17:36:08.220Z,gplumley,2018-04-25T17:36:08.220Z,
"239",Nikolai,Second Class City,"108","1970",Y,Nikolai,N-5,"Nikolai, N-5",be0210ea-9957-4ec7-a5c1-2e03377c0974,gplumley,2018-04-25T17:36:08.220Z,gplumley,2018-04-25T17:36:08.220Z,
"240",Clark's Point,Second Class City,"66","1971",Y,Clark's Point,L-7,"Clark's Point, L-7",2881baea-7385-4130-985c-61d9e224eb39,gplumley,2018-04-25T17:36:08.220Z,gplumley,2018-04-25T17:36:08.220Z,
"241",Nondalton,Second Class City,"221","1971",Y,Nondalton,N-7,"Nondalton, N-7",175c5867-610c-460f-a659-6d5e86b9eef5,gplumley,2018-04-25T17:36:08.220Z,gplumley,2018-04-25T17:36:08.220Z,
"242",Aleknagik,Second Class City,"226","1973",Y,Aleknagik,L-7,"Aleknagik, L-7",54ac31fe-4ded-4089-8d03-ec5c972c48b0,gplumley,2018-04-25T17:36:08.220Z,gplumley,2018-04-25T17:36:08.220Z,
"243",Ekwok,Second Class City,"124","1974",Y,Ekwok,M-7,"Ekwok, M-7",d0cf7218-9c62-49de-b4d6-20fc2b5c484f,gplumley,2018-04-25T17:36:08.220Z,gplumley,2018-04-25T17:36:08.220Z,
"244",New Stuyahok,Second Class City,"452","1972",Y,New Stuyahok,M-7,"New Stuyahok, M-7",588902fb-225d-4581-82c6-365ebb0f9ae8,gplumley,2018-04-25T17:36:08.220Z,gplumley,2018-04-25T17:36:08.220Z,
"245",Naknek,Unincorporated,"640","0",Y,Naknek,M-7,"Naknek, M-7",0700892d-0093-49d9-9e84-1db283e82fa1,gplumley,2018-04-25T17:36:08.220Z,gplumley,2018-04-25T17:36:08.220Z,
"246",King Salmon,Unincorporated,"478","0",N,King Salmon,M-7,"King Salmon, M-7",d022b890-6db5-44d2-9cf3-a396c0844b63,gplumley,2018-04-25T17:36:08.220Z,gplumley,2018-04-25T17:36:08.220Z,
"247",Koliganek,Unincorporated,"194","0",Y,Koliganek,M-7,"Koliganek, M-7",d329484d-c4bc-4d04-ad9d-30aed41d2750,gplumley,2018-04-25T17:36:08.220Z,gplumley,2018-04-25T17:36:08.220Z,
"248",Igiugig,Unincorporated,"46","0",Y,Igiugig,N-7,"Igiugig, N-7",873c16af-3b7a-48fb-a4f5-3a761655e9ec,gplumley,2018-04-25T17:36:08.220Z,gplumley,2018-04-25T17:36:08.220Z,
"249",Iliamna,Unincorporated,"103","0",Y,Iliamna,N-7,"Iliamna, N-7",b1c648f6-afe1-4cec-9433-2defd67a1c83,gplumley,2018-04-25T17:36:08.220Z,gplumley,2018-04-25T17:36:08.220Z,
"250",Port Alsworth,Unincorporated,"67","0",N,Port Alsworth,N-6,"Port Alsworth, N-6",07962f3f-e0dd-4005-9068-b92896a74cae,gplumley,2018-04-25T17:36:08.220Z,gplumley,2018-04-25T17:36:08.220Z,
"251",Newhalen,Second Class City,"177","1971",Y,Newhalen,N-7,"Newhalen, N-7",8554ade1-6760-4ef3-8e8e-0d453e382da4,gplumley,2018-04-25T17:36:08.220Z,gplumley,2018-04-25T17:36:08.220Z,
"252",Levelock,Unincorporated,"115","0",Y,Levelock,M-7,"Levelock, M-7",30548598-b134-472d-ac6a-a2b20ea49420,gplumley,2018-04-25T17:36:08.220Z,gplumley,2018-04-25T17:36:08.220Z,
"253",South Naknek,Unincorporated,"149","0",Y,South Naknek,M-7,"South Naknek, M-7",863bdcae-5511-48a2-b0bb-50cda9fa7171,gplumley,2018-04-25T17:36:08.220Z,gplumley,2018-04-25T17:36:08.220Z,
"254",Goodnews Bay,Second Class City,"263","1970",Y,Goodnews Bay,K-7,"Goodnews Bay, K-7",a7c22c3f-5c42-4b49-aeab-388efd804fbe,gplumley,2018-04-25T17:36:08.220Z,gplumley,2018-04-25T17:36:08.220Z,
"255",Platinum,Second Class City,"41","1975",Y,Platinum,K-7,"Platinum, K-7",1fcf9089-3271-47ee-ae28-1a979e63dae9,gplumley,2018-04-25T17:36:08.220Z,gplumley,2018-04-25T17:36:08.220Z,
"256",Togiak,Second Class City,"762","1969",Y,Togiak,K-7,"Togiak, K-7",9d77f84c-6147-4b53-9405-d8f1a58c3cfe,gplumley,2018-04-25T17:36:08.220Z,gplumley,2018-04-25T17:36:08.220Z,
"257",Quinhagak,Second Class City,"567","1969",Y,Quinhagak,K-7,"Quinhagak, K-7",8a9f4131-9603-4f7c-ac65-18040f7a3329,gplumley,2018-04-25T17:36:08.220Z,gplumley,2018-04-25T17:36:08.220Z,
"258",Eek,Second Class City,"277","1970",Y,Eek,J-6,"Eek, J-6",657db084-e08e-42f0-aa25-d78f17f8db15,gplumley,2018-04-25T17:36:08.220Z,gplumley,2018-04-25T17:36:08.220Z,
"259",Twin Hills,Unincorporated,"59","0",Y,Twin Hills,K-7,"Twin Hills, K-7",76d10dc4-99c4-4fc3-968e-9a652b40be3e,gplumley,2018-04-25T17:36:08.220Z,gplumley,2018-04-25T17:36:08.220Z,
"260",Kwigillingok,Unincorporated,"333","0",Y,Kwigillingok,J-7,"Kwigillingok, J-7",3da89dd1-02b7-4053-a8d6-d8ef1b534f51,gplumley,2018-04-25T17:36:08.220Z,gplumley,2018-04-25T17:36:08.220Z,
"261",Mekoryuk,Second Class City,"192","1969",Y,Mekoryuk,H-6,"Mekoryuk, H-6",6df681a2-60db-46db-bed1-b2d9118047cd,gplumley,2018-04-25T17:36:08.220Z,gplumley,2018-04-25T17:36:08.220Z,
"262",Tununak,Unincorporated,"330","0",Y,Tununak,I-6,"Tununak, I-6",31613bb2-5332-49be-8c66-8b28692057e5,gplumley,2018-04-25T17:36:08.220Z,gplumley,2018-04-25T17:36:08.220Z,
"263",Toksook Bay,Second Class City,"496","1972",Y,Toksook Bay,I-6,"Toksook Bay, I-6",b5bf20ca-a6d4-437f-a036-4f053f5034b4,gplumley,2018-04-25T17:36:08.220Z,gplumley,2018-04-25T17:36:08.220Z,
"264",Nightmute,Second Class City,"206","1974",Y,Nightmute,I-6,"Nightmute, I-6",3490cd00-c076-46ed-8c55-6f617295223e,gplumley,2018-04-25T17:36:08.220Z,gplumley,2018-04-25T17:36:08.220Z,
"265",Newtok,Unincorporated,"269","0",Y,Newtok,I-6,"Newtok, I-6",c66ca526-495a-4fa7-b6fe-b2d344780247,gplumley,2018-04-25T17:36:08.220Z,gplumley,2018-04-25T17:36:08.220Z,
"266",Kipnuk,Unincorporated,"567","0",Y,Kipnuk,I-7,"Kipnuk, I-7",142d574b-caac-407d-b577-ff87116efe72,gplumley,2018-04-25T17:36:08.220Z,gplumley,2018-04-25T17:36:08.220Z,
"267",Umkumiute,Unincorporated,"0","0",Y,Umkumiute*,I-6,"Umkumiute*, I-6",9e369c74-5f05-4134-9d17-db091bcafbe0,gplumley,2018-04-25T17:36:08.220Z,gplumley,2018-04-25T17:36:08.220Z,
"268",Bethel,Second Class City,"5277","1957",Y,Bethel,K-6,"Bethel, K-6",27e6c677-4cb8-44bd-a55c-fa43597c5586,gplumley,2018-04-25T17:36:08.220Z,gplumley,2018-04-25T17:36:08.220Z,
"269",Tuluksak,Unincorporated,"385","0",Y,Tuluksak,K-6,"Tuluksak, K-6",067d971d-4e92-4795-9e5d-9fcc6cb5f9e1,gplumley,2018-04-25T17:36:08.220Z,gplumley,2018-04-25T17:36:08.220Z,
"270",Napakiak,Second Class City,"354","1970",Y,Napakiak,K-6,"Napakiak, K-6",e0e50f74-4acc-45cb-933e-559e30285c07,gplumley,2018-04-25T17:36:08.220Z,gplumley,2018-04-25T17:36:08.220Z,
"271",Napaskiak,Second Class City,"399","1971",Y,Napaskiak,K-6,"Napaskiak, K-6",f0da8a25-2c14-4043-a877-e23182253067,gplumley,2018-04-25T17:36:08.220Z,gplumley,2018-04-25T17:36:08.220Z,
"272",Kwethluk,Second Class City,"669","1975",Y,Kwethluk,K-6,"Kwethluk, K-6",65067439-bd1e-4622-ae7d-8577bef14731,gplumley,2018-04-25T17:36:08.220Z,gplumley,2018-04-25T17:36:08.220Z,
"273",Akiak,Second Class City,"272","1970",Y,Akiak,K-6,"Akiak, K-6",811de0ad-83d6-4eca-a87c-9f4b5f86d948,gplumley,2018-04-25T17:36:08.220Z,gplumley,2018-04-25T17:36:08.220Z,
"274",Akiachak,Unincorporated,"481","0",Y,Akiachak,K-6,"Akiachak, K-6",a5c24e20-244a-4042-b784-11fda1230e8b,gplumley,2018-04-25T17:36:08.220Z,gplumley,2018-04-25T17:36:08.220Z,
"275",Nunapitchuk,Second Class City,"489","1969",Y,Nunapitchuk,J-6,"Nunapitchuk, J-6",8b679b2f-5883-4509-9e58-74ba4b4ec5df,gplumley,2018-04-25T17:36:08.220Z,gplumley,2018-04-25T17:36:08.220Z,
"276",Kasigluk,Unincorporated,"514","0",Y,Kasigluk,J-6,"Kasigluk, J-6",561f4001-0411-401b-99d3-d5aa4590633e,gplumley,2018-04-25T17:36:08.220Z,gplumley,2018-04-25T17:36:08.220Z,
"277",Kodiak,Home Rule City,"6749","1940",N,Kodiak,O-8,"Kodiak, O-8",173c9d80-616f-4462-9081-52af27a108c9,gplumley,2018-04-25T17:36:08.220Z,gplumley,2018-04-25T17:36:08.220Z,
"278",Akhiok,Second Class City,"101","1974",Y,Akhiok,N-8,"Akhiok, N-8",361f507e-ff05-4c14-aa97-6fa92992847c,gplumley,2018-04-25T17:36:08.220Z,gplumley,2018-04-25T17:36:08.220Z,
"279",Port Lions,Second Class City,"239","1966",Y,Port Lions,O-8,"Port Lions, O-8",dd0189a6-9221-4b7b-8baf-01dd5c1ef49b,gplumley,2018-04-25T17:36:08.220Z,gplumley,2018-04-25T17:36:08.220Z,
"280",Old Harbor,Second Class City,"301","1966",Y,Old Harbor,O-8,"Old Harbor, O-8",466ba3c4-d2c2-4a37-ba6d-ab8c96f43f65,gplumley,2018-04-25T17:36:08.220Z,gplumley,2018-04-25T17:36:08.220Z,
"281",Larsen Bay,Second Class City,"120","1974",Y,Larsen Bay,O-8,"Larsen Bay, O-8",3d8d4c21-63af-497e-9c80-7d0e971bf9d7,gplumley,2018-04-25T17:36:08.220Z,gplumley,2018-04-25T17:36:08.220Z,
"282",Afognak,Unincorporated,"0","0",Y,Afognak*,O-7,"Afognak*, O-7",ad82c410-2f8c-4d92-993c-bb23dc0e5c94,gplumley,2018-04-25T17:36:08.220Z,gplumley,2018-04-25T17:36:08.220Z,
"283",Woody Island,Unincorporated,"0","0",Y,Woody Island*,O-8,"Woody Island*, O-8",bb7a434e-f163-4241-80d4-378f258778d6,gplumley,2018-04-25T17:36:08.220Z,gplumley,2018-04-25T17:36:08.220Z,
"284",Chignik,Second Class City,"125","0",Y,Chignik,L-8,"Chignik, L-8",ca847195-383b-4740-b2b8-645aa60c266d,gplumley,2018-04-25T17:36:08.220Z,gplumley,2018-04-25T17:36:08.220Z,
"285",Egegik,Second Class City,"127","1985",Y,Egegik,M-7,"Egegik, M-7",d0de5ff4-6bc4-4dd6-ba52-84b159c9f8af,gplumley,2018-04-25T17:36:08.220Z,gplumley,2018-04-25T17:36:08.220Z,
"286",Pilot Point,Second Class City,"79","1992",Y,Pilot Point,M-8,"Pilot Point, M-8",2368743f-b3dd-480a-9b87-92741dc29c63,gplumley,2018-04-25T17:36:08.220Z,gplumley,2018-04-25T17:36:08.220Z,
"287",Ugashik,Unincorporated,"5","0",Y,Ugashik,M-8,"Ugashik, M-8",0a427bee-0800-4e08-a132-2093aaf7118c,gplumley,2018-04-25T17:36:08.220Z,gplumley,2018-04-25T17:36:08.220Z,
"288",Sand Point,First Class City,"870","1978",Y,Sand Point,K-9,"Sand Point, K-9",5a58b90d-e48d-4c01-9ba5-050c0025f384,gplumley,2018-04-25T17:36:08.220Z,gplumley,2018-04-25T17:36:08.220Z,
"289",Unga,Unincorporated,"0","0",Y,Unga*,K-9,"Unga*, K-9",23f46482-a4a7-49b2-9d03-f8df4479bf84,gplumley,2018-04-25T17:36:08.220Z,gplumley,2018-04-25T17:36:08.220Z,
"290",Nikolski,Unincorporated,"43","0",Y,Nikolski,G-10,"Nikolski, G-10",411e0488-7567-498e-b952-c1821a1f7588,gplumley,2018-04-25T17:36:08.220Z,gplumley,2018-04-25T17:36:08.220Z,
"291",Adak Station,Second Class City,"4633","2001",N,Adak,C-11,"Adak, C-11",6d406b67-aad7-4800-a877-859773dc0fe0,gplumley,2018-04-25T17:36:08.220Z,gplumley,2018-04-25T17:36:08.220Z,
"292",Cold Bay,Second Class City,"85","1981",N,Cold Bay,J-9,"Cold Bay, J-9",c3b398b1-3c6f-499a-aec2-d4863e6981f7,gplumley,2018-04-25T17:36:08.220Z,gplumley,2018-04-25T17:36:08.220Z,
"293",Dillingham,First Class City,"2252","1963",Y,Dillingham,L-7,"Dillingham, L-7",13bc60ad-bafa-4f75-845c-1b97a7869a68,gplumley,2018-04-25T17:36:08.220Z,gplumley,2018-04-25T17:36:08.220Z,
"294",Gustavus,Second Class City,"346","2004",N,Gustavus,X-7,"Gustavus, X-7",e3f0ab6e-3df7-4bf8-bf69-e12e04718028,gplumley,2018-04-25T17:36:08.220Z,gplumley,2018-04-25T17:36:08.220Z,
"295",Telida,Unincorporated,"5","0",Y,Telida,O-5,"Telida, O-5",5835753b-f91f-4dcf-8922-51166eb5dd00,gplumley,2018-04-25T17:36:08.220Z,gplumley,2018-04-25T17:36:08.220Z,
"296",Whale Pass,Second Class City,"79","0",N,Whale Pass,Y-8,"Whale Pass, Y-8",d1b148fc-5c4c-410f-b79c-aa1de35fb7ca,gplumley,2018-04-25T17:36:08.220Z,gplumley,2018-04-25T17:36:08.220Z,
"297",Chuloonawick,Unincorporated,"0","0",Y,Chuloonawick*,I-5,"Chuloonawick*, I-5",7b5708c6-4162-4bd1-90fb-7a7ea1852198,gplumley,2018-04-25T17:36:08.220Z,gplumley,2018-04-25T17:36:08.220Z,
"298",Alcan,Unincorporated,"0","0",N,Alcan,U-5,"Alcan, U-5",aa3b8abd-d418-4d4b-a254-bee76b40a1d8,gplumley,2018-04-25T17:36:08.220Z,gplumley,2018-04-25T17:36:08.220Z,
"299",Eagle River,Unincorporated,"0","0",N,Eagle River,Q-6,"Eagle River, Q-6",26800ecb-0c47-4bdb-a202-cf45cea55a86,gplumley,2018-04-25T17:36:08.220Z,gplumley,2018-04-25T17:36:08.220Z,
"300",Girdwood,Unincorporated,"0","0",N,Girdwood,Q-6,"Girdwood, Q-6",436a6163-9959-4d76-a7b6-6ee6bf0857aa,gplumley,2018-04-25T17:36:08.220Z,gplumley,2018-04-25T17:36:08.220Z,
"301",Naukati Bay,Unincorporated,"0","0",N,Naukati Bay,Y-9,"Naukati Bay, Y-9",3e17c2b6-65df-4cee-9f9f-64d76f4c5cbc,gplumley,2018-04-25T17:36:08.220Z,gplumley,2018-04-25T17:36:08.220Z,
"302",Mertarvik,Unincorporated,"269","0",N,Mertarvik,I-6,"Mertarvik, I-6",78347db0-cdba-4947-844b-ed6bc67a166c,gplumley,2018-04-25T17:36:08.220Z,gplumley,2018-04-25T17:36:08.220Z,
"303",Nikolaevsk,Unincorporated,"0","0",N,Nikolaevsk,P-7,"Nikolaevsk, P-7",e00e7494-1783-456b-bdc2-ecc9d22bee4c,gplumley,2018-04-25T17:36:08.220Z,gplumley,2018-04-25T17:36:08.220Z,
"304",Adak,Second Class City,"4633","2001",N,Adak,C-11,"Adak, C-11",f10a73fe-af39-40f7-9acb-d575d30bf60f,gplumley,2018-04-25T17:36:08.220Z,gplumley,2018-04-25T17:36:08.220Z,
